Model,Epoch,Training Loss,Validation Loss,Test Loss,Training Accuracy,Validation Accuracy,Test Accuracy,Training Precision,Training Recall,Training F1-Score,Validation Precision,Validation Recall,Validation F1-Score,Test Precision,Test Recall,Test F1-Score,Epoch Duration,Training Top-5 Accuracy,Validation Top-5 Accuracy,Test Top-5 Accuracy
VGG,51,0.8964087823,0.5576115847,0.7706713676,0.5294117647,0.7,0.6666666667,1,0.5335968379,0.5294117647,1,0.8125,0.7,1,0.6666666667,0.6666666667,12.42537117,0.5142857143,0.6703296703,0.6666666667
ResNet,51,0.4195603798,0.6651034951,0.6081075072,0.9705882353,0.9,1,1,0.9722222222,0.9705882353,1,0.9166666667,0.9,1,1,1,10.93973255,0.9705627706,0.898989899,1
GoogLeNet,51,0.1029674376,0.5222443342,0.5625881553,1,0.8,0.6666666667,1,1,1,1,0.8571428571,0.8,1,0.6666666667,0.6666666667,10.68688846,1,0.7916666667,0.6666666667
AlexNet,51,0.2580355393,0.6134725809,0.3393646479,0.9411764706,0.7,0.8333333333,1,0.9473684211,0.9411764706,1,0.7083333333,0.7,1,0.875,0.8333333333,9.932213783,0.9409722222,0.696969697,0.8285714286